﻿<?xml version="1.0" encoding="utf-8"?>
<Package xmlns="http://schemas.microsoft.com/appx/manifest/foundation/windows10" xmlns:mp="http://schemas.microsoft.com/appx/2014/phone/manifest" xmlns:uap="http://schemas.microsoft.com/appx/manifest/uap/windows10" IgnorableNamespaces="uap mp build" xmlns:build="http://schemas.microsoft.com/developer/appx/2015/build">
  <!--
    THIS PACKAGE MANIFEST FILE IS GENERATED BY THE BUILD PROCESS.

    Changes to this file will be lost when it is regenerated. To correct errors in this file, edit the source .appxmanifest file.

    For more information on package manifest files, see http://go.microsoft.com/fwlink/?LinkID=241727
  -->
  <Identity Name="Microsoft.SDKSamples.RfcommChatSampleCS.CS" Publisher="CN=Microsoft Corporation, O=Microsoft Corporation, L=Redmond, S=Washington, C=US" Version="1.0.0.0" ProcessorArchitecture="x64" />
  <mp:PhoneIdentity PhoneProductId="33cda3e9-6f5f-4245-9243-a1ba50df1d79" PhonePublisherId="00000000-0000-0000-0000-000000000000" />
  <Properties>
    <DisplayName>Bluetooth Rfcomm Chat C# Sample</DisplayName>
    <PublisherDisplayName>Microsoft Corporation</PublisherDisplayName>
    <Logo>Assets\StoreLogo-sdk.png</Logo>
  </Properties>
  <Dependencies>
    <TargetDeviceFamily Name="Windows.Universal" MinVersion="10.0.10240.0" MaxVersionTested="10.0.10586.0" />
    <PackageDependency Name="Microsoft.VCLibs.140.00" MinVersion="14.0.22929.0" Publisher="CN=Microsoft Corporation, O=Microsoft Corporation, L=Redmond, S=Washington, C=US" />
    <PackageDependency Name="Microsoft.NET.Native.Framework.1.2" MinVersion="1.2.23231.0" Publisher="CN=Microsoft Corporation, O=Microsoft Corporation, L=Redmond, S=Washington, C=US" />
    <PackageDependency Name="Microsoft.NET.Native.Runtime.1.1" MinVersion="1.1.23406.0" Publisher="CN=Microsoft Corporation, O=Microsoft Corporation, L=Redmond, S=Washington, C=US" />
  </Dependencies>
  <Resources>
    <Resource Language="EN-US" />
  </Resources>
  <Applications>
    <Application Id="App" Executable="BluetoothRfcommChat.exe" EntryPoint="RfcommChatSampleCS.App">
      <Extensions>
        <Extension Category="windows.backgroundTasks" EntryPoint="BackgroundTasks.RfcommServerTask">
          <BackgroundTasks>
            <Task Type="bluetooth" />
          </BackgroundTasks>
        </Extension>
      </Extensions>
      <uap:VisualElements DisplayName="Bluetooth Rfcomm Chat C# Sample" Square150x150Logo="Assets\StoreLogo-sdk.png" Square44x44Logo="Assets\SmallTile-sdk.png" Description="Bluetooth Rfcomm Chat C# Sample" BackgroundColor="#00b2f0">
        <uap:SplashScreen Image="Assets\Splash-sdk.png" />
        <uap:DefaultTile>
          <uap:ShowNameOnTiles>
            <uap:ShowOn Tile="square150x150Logo" />
          </uap:ShowNameOnTiles>
        </uap:DefaultTile>
      </uap:VisualElements>
    </Application>
  </Applications>
  <Capabilities>
    <DeviceCapability Name="bluetooth" />
  </Capabilities>
  <Extensions>
    <Extension Category="windows.activatableClass.inProcessServer">
      <InProcessServer>
        <Path>BluetoothRfcommChat.dll</Path>
        <ActivatableClass ActivatableClassId="BackgroundTasks.RfcommServerTask" ThreadingModel="both" />
      </InProcessServer>
    </Extension>
  </Extensions>
  <build:Metadata>
    <build:Item Name="TargetFrameworkMoniker" Value=".NETCore,Version=v5.0" />
    <build:Item Name="VisualStudio" Version="14.0" />
    <build:Item Name="VisualStudioEdition" Value="Microsoft Visual Studio Professional 2015" />
    <build:Item Name="OperatingSystem" Version="10.0.10586.0 (th2_release.151029-1700)" />
    <build:Item Name="Microsoft.Build.AppxPackage.dll" Version="14.0.25123.0" />
    <build:Item Name="ProjectGUID" Value="{DC30CE66-DAEE-4CCF-BD02-8837FE918B6F}" />
    <build:Item Name="ilc.exe" Version="1.2.23413.00 built by: PROJECTNREL" />
    <build:Item Name="OptimizingToolset" Value="ilc.exe" />
    <build:Item Name="UseDotNetNativeSharedAssemblyFrameworkPackage" Value="true" />
    <build:Item Name="Microsoft.Windows.UI.Xaml.Build.Tasks.dll" Version="14.0.25123.0" />
    <build:Item Name="MakePri.exe" Version="10.0.10586.15 (th2_release.151119-1817)" />
  </build:Metadata>
</Package>